{
  "CatBoost": {
    "MAE": 5.478067578598329,
    "RMSE": 8.18792371137028,
    "R2": 0.9350886357331384
  },
  "Gradient Boosting": {
    "MAE": 6.3376850899587325,
    "RMSE": 9.607478124616204,
    "R2": 0.9106299562900558
  },
  "XGBoost": {
    "MAE": 6.802182677650451,
    "RMSE": 10.559759239945587,
    "R2": 0.8920354460669765
  },
  "Random Forest": {
    "MAE": 8.61488275,
    "RMSE": 12.85447037584299,
    "R2": 0.8400141631843953
  },
  "Linear Regression": {
    "MAE": 10.037113774178856,
    "RMSE": 13.788440897035148,
    "R2": 0.815921322484713
  }
}